{
  "main": {
    "id": "d7056f7b92ce7d78",
    "type": "split",
    "children": [
      {
        "id": "28d7de8f1086ac65",
        "type": "tabs",
        "children": [
          {
            "id": "63609653cb12113e",
            "type": "leaf",
            "state": {
              "type": "markdown",
              "state": {
                "file": "Day Planners/Day Planner-20221115.md",
                "mode": "source",
                "backlinks": false,
                "source": false
              }
            }
          }
        ]
      },
      {
        "id": "98cc924882e055b7",
        "type": "tabs",
        "children": [
          {
            "id": "d1aedc5999409c10",
            "type": "leaf",
            "state": {
              "type": "markdown",
              "state": {
                "file": "_posts/2022/Feb/2022-02-15-sparsity-multiplication-order.md",
                "mode": "source",
                "backlinks": false,
                "source": false
              }
            }
          }
        ]
      }
    ],
    "direction": "vertical"
  },
  "left": {
    "id": "e242ae0d95ceef67",
    "type": "split",
    "children": [
      {
        "id": "4b93870f0a10c54c",
        "type": "tabs",
        "children": [
          {
            "id": "0ca69e5f8aef4893",
            "type": "leaf",
            "state": {
              "type": "file-explorer",
              "state": {
                "sortOrder": "alphabetical"
              }
            }
          },
          {
            "id": "207f3861432d3c83",
            "type": "leaf",
            "state": {
              "type": "search",
              "state": {
                "query": "tag:#nomenclature",
                "matchingCase": false,
                "explainSearch": false,
                "collapseAll": false,
                "extraContext": false,
                "sortOrder": "alphabetical"
              }
            }
          },
          {
            "id": "5dbfd89c90b9a66a",
            "type": "leaf",
            "state": {
              "type": "starred",
              "state": {}
            }
          }
        ]
      }
    ],
    "direction": "horizontal",
    "width": 300
  },
  "right": {
    "id": "4ff5ea5b0c17c316",
    "type": "split",
    "children": [
      {
        "id": "7c8a104d0dc1373d",
        "type": "tabs",
        "dimension": 68.85521885521885,
        "children": [
          {
            "id": "33d8f6e31c4d75f4",
            "type": "leaf",
            "state": {
              "type": "backlink",
              "state": {
                "file": "Day Planners/Day Planner-20221115.md",
                "collapseAll": false,
                "extraContext": false,
                "sortOrder": "alphabetical",
                "showSearch": false,
                "searchQuery": "",
                "backlinkCollapsed": false,
                "unlinkedCollapsed": false
              }
            }
          },
          {
            "id": "02ae006a1dabcb67",
            "type": "leaf",
            "state": {
              "type": "outgoing-link",
              "state": {
                "file": "Day Planners/Day Planner-20221115.md",
                "linksCollapsed": false,
                "unlinkedCollapsed": true
              }
            }
          },
          {
            "id": "664308e2baf8e863",
            "type": "leaf",
            "state": {
              "type": "tag",
              "state": {
                "sortOrder": "frequency",
                "useHierarchy": true
              }
            }
          },
          {
            "id": "2341b65aa97a4258",
            "type": "leaf",
            "state": {
              "type": "advanced-tables-toolbar",
              "state": {}
            }
          },
          {
            "id": "2c7ad1792f48e510",
            "type": "leaf",
            "state": {
              "type": "timeline",
              "state": {}
            }
          },
          {
            "id": "546e865b0c38f6f4",
            "type": "leaf",
            "state": {
              "type": "outline",
              "state": {
                "file": "Day Planners/Day Planner-20221115.md"
              }
            }
          }
        ],
        "currentTab": 4
      },
      {
        "id": "91df1807ecc83f87",
        "type": "tabs",
        "dimension": 31.14478114478115,
        "children": [
          {
            "id": "9665daa99bf33c47",
            "type": "leaf",
            "state": {
              "type": "calendar",
              "state": {}
            }
          }
        ]
      }
    ],
    "direction": "horizontal",
    "width": 407.5,
    "collapsed": true
  },
  "active": "63609653cb12113e",
  "lastOpenFiles": [
    "_posts/2022/Feb/2022-02-15-sparsity-multiplication-order.md",
    "Day Planners/Day Planner-20221115.md",
    "Day Planners/Day Planner-20221111.md",
    "Day Planners/Day Planner-20221114.md",
    "Day Planners/Day Planner-20221112.md",
    "Day Planners/Day Planner-20221113.md",
    "_posts/2022/Nov/2022-11-11-matrix-multiplication-time.md",
    "_posts/2022/Nov/().md",
    "_posts/2022/Nov/2022-11-11-setting-up-obsidian-for-jekyll-blog.md",
    "_posts/2022/March/2022-03-27-thoughts-on-writing-on-the-web.md"
  ]
}